{
    "scale": 0.0031851656810204846,
    "circles": {
        "1": {
            "point": {
                "x": 386,
                "y": 234
            },
            "radius": 94.26027795418386
        },
        "2": {
            "point": {
                "x": 159,
                "y": 327
            },
            "radius": 106.3202708800161
        },
        "3": {
            "point": {
                "x": 599,
                "y": 165
            },
            "radius": 106.31944024836851
        },
        "4": {
            "point": {
                "x": 634,
                "y": 342
            },
            "radius": 58.412327466040935
        },
        "5": {
            "point": {
                "x": 663,
                "y": 152
            },
            "radius": 58.411404188052174
        },
        "6": {
            "point": {
                "x": 520,
                "y": 327
            },
            "radius": 58.59035877223487
        },
        "7": {
            "point": {
                "x": 964,
                "y": 127
            },
            "radius": 54.20332093147061
        }
    }
}