{
  "scale":1.0,
  "circles":{
    "1":{
      "point":{
        "x":390,
        "y":222
      },
      "radius":178.04492202127528
    },
    "2":{
      "point":{
        "x":131,
        "y":227
      },
      "radius":87.04596486914255
    },
    "3":{
      "point":{
        "x":331,
        "y":427
      },
      "radius":87.04596486914255
    }
  }
}
