{
    "scale": 1.0,
    "circles": {
        "1": {
            "point": {
                "x": 386,
                "y": 234
            },
            "radius": 94.26027795418386
        },
        "2": {
            "point": {
                "x": 159,
                "y": 327
            },
            "radius": 106.3202708800161
        },
        "3": {
            "point": {
                "x": 599,
                "y": 165
            },
            "radius": 102.7277956543408
        }
    }
}